{
"sawors.hello.30b80f6f-f0dc-4b4a-96b2-c37b28494b1b": {
    "category": "player",
    "sounds": [
      "yomole"
    ]
  },
  "tiboise.music_disc.2137740449": {
    "category": "record",
    "sounds": [
      "music_discs/out"
    ]
  },
  "tiboise.music_disc.468158623": {
    "category": "record",
    "sounds": [
      "music_discs/468158623"
    ]
  },
  "tiboise.music_disc.-385336390": {
    "category": "record",
    "sounds": [
      "music_discs/-385336390"
    ]
  },
  "tiboise.music_disc.1070507883": {
    "category": "record",
    "sounds": [
      "music_discs/1070507883"
    ]
  },
  "tiboise.music_disc.1571894733": {
    "category": "record",
    "sounds": [
      "music_discs/1571894733"
    ]
  },
  "tiboise.music_disc.1186386219": {
    "category": "record",
    "sounds": [
      "music_discs/1186386219"
    ]
  },
  "tiboise.music_disc.135761661": {
    "category": "record",
    "sounds": [
      "music_discs/135761661"
    ]
  }
  
}
