{
	"credit": "Made by Sawors",
	"ambientocclusion": false,
	"textures": {
		"stick": "block/oak_log",
		"particle": "block/torch",
		"torch": "block/torch",
		"flame": "block/void_texture",
		"holder": "block/anvil"
	},
	"elements": [
		{
			"from": [3, 10, 7],
			"to": [5, 12, 9],
			"rotation": {"angle": -22.5, "axis": "z", "origin": [4, 10.5, 8]},
			"faces": {
				"north": {"uv": [7, 6, 9, 8], "texture": "#torch"},
				"east": {"uv": [7, 6, 9, 8], "texture": "#torch"},
				"south": {"uv": [7, 6, 9, 8], "texture": "#torch"},
				"west": {"uv": [7, 6, 9, 8], "texture": "#torch"},
				"up": {"uv": [7, 6, 9, 8], "texture": "#torch"},
				"down": {"uv": [7, 14, 9, 16], "texture": "#torch"}
			}
		},
		{
			"from": [3, 2, 7],
			"to": [5, 10, 9],
			"rotation": {"angle": -22.5, "axis": "z", "origin": [4, 10.5, 8]},
			"faces": {
				"north": {"uv": [7, 8, 9, 16], "texture": "#stick"},
				"east": {"uv": [4, 0, 6, 8], "texture": "#stick"},
				"south": {"uv": [10, 8, 12, 16], "texture": "#stick"},
				"west": {"uv": [11, 8, 13, 16], "texture": "#stick"},
				"up": {"uv": [7, 6, 9, 8], "texture": "#stick"},
				"down": {"uv": [7, 14, 9, 16], "texture": "#stick"}
			}
		},
		{
			"from": [2, 10, 6.99],
			"to": [6, 14, 6.99],
			"rotation": {"angle": -22.5, "axis": "z", "origin": [4, 10.5, 8]},
			"faces": {
				"north": {"uv": [0, 0, 16, 16], "texture": "#flame"},
				"east": {"uv": [16, 0, 0, 16], "texture": "#flame"},
				"south": {"uv": [0, 0, 16, 16], "texture": "#flame"},
				"west": {"uv": [0, 0, 16, 16], "texture": "#flame"}
			}
		},
		{
			"from": [2.99, 10, 6],
			"to": [2.99, 14, 10],
			"rotation": {"angle": -22.5, "axis": "z", "origin": [4, 10.5, 8]},
			"faces": {
				"north": {"uv": [0, 0, 16, 16], "texture": "#flame"},
				"east": {"uv": [16, 0, 0, 16], "texture": "#flame"},
				"south": {"uv": [0, 0, 16, 16], "texture": "#flame"},
				"west": {"uv": [0, 0, 16, 16], "texture": "#flame"}
			}
		},
		{
			"from": [2, 10, 9.01],
			"to": [6, 14, 9.01],
			"rotation": {"angle": -22.5, "axis": "z", "origin": [4, 10.5, 8]},
			"faces": {
				"north": {"uv": [0, 0, 16, 16], "texture": "#flame"},
				"east": {"uv": [16, 0, 0, 16], "texture": "#flame"},
				"south": {"uv": [0, 0, 16, 16], "texture": "#flame"},
				"west": {"uv": [0, 0, 16, 16], "texture": "#flame"}
			}
		},
		{
			"from": [5.01, 10, 6],
			"to": [5.01, 14, 10],
			"rotation": {"angle": -22.5, "axis": "z", "origin": [4, 10.5, 8]},
			"faces": {
				"north": {"uv": [0, 0, 16, 16], "texture": "#flame"},
				"east": {"uv": [16, 0, 0, 16], "texture": "#flame"},
				"south": {"uv": [0, 0, 16, 16], "texture": "#flame"},
				"west": {"uv": [0, 0, 16, 16], "texture": "#flame"}
			}
		},
		{
			"from": [2.5, 7, 6.5],
			"to": [5.5, 10, 9.5],
			"rotation": {"angle": -22.5, "axis": "z", "origin": [4, 10.5, 8]},
			"faces": {
				"north": {"uv": [0, 0, 3, 3], "texture": "#holder"},
				"east": {"uv": [0, 0, 3, 3], "texture": "#holder"},
				"south": {"uv": [0, 0, 3, 3], "texture": "#holder"},
				"west": {"uv": [0, 0, 3, 3], "texture": "#holder"},
				"up": {"uv": [0, 0, 3, 3], "texture": "#holder"},
				"down": {"uv": [0, 0, 3, 3], "texture": "#holder"}
			}
		},
		{
			"from": [1, 8, 7],
			"to": [3, 10, 9],
			"rotation": {"angle": 0, "axis": "y", "origin": [1.5, 9, 8]},
			"faces": {
				"north": {"uv": [0, 0, 2, 2], "texture": "#holder"},
				"east": {"uv": [0, 0, 2, 2], "texture": "#holder"},
				"south": {"uv": [0, 0, 2, 2], "texture": "#holder"},
				"west": {"uv": [0, 0, 2, 2], "texture": "#holder"},
				"up": {"uv": [0, 0, 2, 2], "rotation": 270, "texture": "#holder"},
				"down": {"uv": [0, 0, 2, 2], "rotation": 90, "texture": "#holder"}
			}
		},
		{
			"from": [0, 7, 6],
			"to": [1, 11, 10],
			"rotation": {"angle": 0, "axis": "y", "origin": [1.5, 9, 8]},
			"faces": {
				"north": {"uv": [0, 0, 1, 4], "texture": "#holder"},
				"east": {"uv": [0, 0, 4, 4], "texture": "#holder"},
				"south": {"uv": [0, 0, 1, 4], "texture": "#holder"},
				"west": {"uv": [0, 0, 4, 4], "texture": "#holder"},
				"up": {"uv": [0, 0, 4, 1], "rotation": 270, "texture": "#holder"},
				"down": {"uv": [0, 0, 4, 1], "rotation": 90, "texture": "#holder"}
			}
		}
	],
	"groups": [
		{
			"name": "group",
			"origin": [8, 10, 9],
			"color": 0,
			"children": [0, 1,
				{
					"name": "group",
					"origin": [4, 10.5, 8],
					"color": 0,
					"children": [2, 3, 4, 5]
				}, 6, 7, 8]
		}
	]
}