{
	"credit": "Made by Sawors",
	"ambientocclusion": false,
	"textures": {
		"1": "block/stripped_spruce_log",
		"2": "block/spruce_planks",
		"3": "block/spruce_log_top",
		"6": "block/barrel_side",
		"7": "block/anvil",
		"10": "block/crafting_table/tools",
		"11": "block/crafting_table_top",
		"particle": "block/stripped_spruce_log"
	},
	"elements": [
		{
			"from": [2, 2, 2],
			"to": [14, 12, 14],
			"rotation": {"angle": 0, "axis": "y", "origin": [10, 8, 10]},
			"faces": {
				"north": {"uv": [2, 3, 14, 13], "texture": "#6", "cullface": "north"},
				"east": {"uv": [2, 3, 14, 13], "texture": "#6", "cullface": "east"},
				"south": {"uv": [2, 3, 14, 13], "texture": "#6", "cullface": "south"},
				"west": {"uv": [2, 3, 14, 13], "texture": "#6", "cullface": "west"},
				"down": {"uv": [0, 0, 16, 16], "texture": "#2", "cullface": "down"}
			}
		},
		{
			"from": [3, 4, 14],
			"to": [7, 10, 16],
			"rotation": {"angle": 0, "axis": "y", "origin": [5, 7, 15]},
			"faces": {
				"east": {"uv": [4, 8, 6, 14], "texture": "#10", "cullface": "south"},
				"south": {"uv": [1, 8, 5, 14], "texture": "#10", "cullface": "south"},
				"west": {"uv": [0, 8, 2, 14], "texture": "#10", "cullface": "south"},
				"up": {"uv": [1, 7, 5, 9], "texture": "#10", "cullface": "south"},
				"down": {"uv": [1, 13, 5, 15], "rotation": 180, "texture": "#10", "cullface": "south"}
			}
		},
		{
			"from": [9, 4, 14],
			"to": [13, 10, 16],
			"rotation": {"angle": 0, "axis": "y", "origin": [11, 7, 15]},
			"faces": {
				"east": {"uv": [4, 8, 6, 14], "texture": "#10", "cullface": "south"},
				"south": {"uv": [1, 8, 5, 14], "texture": "#10", "cullface": "south"},
				"west": {"uv": [0, 8, 2, 14], "texture": "#10", "cullface": "south"},
				"up": {"uv": [1, 7, 5, 9], "texture": "#10", "cullface": "south"},
				"down": {"uv": [1, 13, 5, 15], "rotation": 180, "texture": "#10", "cullface": "south"}
			}
		},
		{
			"from": [0.5, 4, 10],
			"to": [1.5, 8, 12],
			"rotation": {"angle": 0, "axis": "y", "origin": [0.75, 7.5, 10.75]},
			"faces": {
				"north": {"uv": [2, 2, 3, 6], "texture": "#10", "cullface": "west"},
				"east": {"uv": [1, 2, 3, 6], "texture": "#10", "cullface": "west"},
				"south": {"uv": [1, 2, 2, 6], "texture": "#10", "cullface": "west"},
				"west": {"uv": [1, 2, 3, 6], "texture": "#10", "cullface": "west"},
				"up": {"uv": [1, 2, 2, 4], "texture": "#10", "cullface": "west"},
				"down": {"uv": [1, 3, 2, 5], "texture": "#10", "cullface": "west"}
			}
		},
		{
			"from": [0, 8, 9],
			"to": [2, 10, 12],
			"rotation": {"angle": 0, "axis": "y", "origin": [1.25, 7.5, 10.75]},
			"faces": {
				"north": {"uv": [0, 0, 2, 2], "texture": "#10", "cullface": "west"},
				"east": {"uv": [1, 2, 3, 6], "texture": "#10", "cullface": "west"},
				"south": {"uv": [1, 0, 3, 2], "texture": "#10", "cullface": "west"},
				"west": {"uv": [0, 0, 3, 2], "texture": "#10", "cullface": "west"},
				"up": {"uv": [0, 2, 3, 0], "rotation": 90, "texture": "#10", "cullface": "west"},
				"down": {"uv": [0, 2, 3, 0], "rotation": 270, "texture": "#10", "cullface": "west"}
			}
		},
		{
			"from": [0, 8, 12],
			"to": [2, 9, 13],
			"rotation": {"angle": 0, "axis": "y", "origin": [9, 19, 19]},
			"faces": {
				"north": {"uv": [2, 1, 4, 2], "texture": "#10", "cullface": "west"},
				"east": {"uv": [3, 1, 4, 2], "texture": "#10", "cullface": "west"},
				"south": {"uv": [2, 1, 4, 2], "rotation": 180, "texture": "#10", "cullface": "west"},
				"west": {"uv": [3, 1, 4, 2], "texture": "#10", "cullface": "west"},
				"up": {"uv": [2, 2, 3, 0], "rotation": 90, "texture": "#10", "cullface": "west"},
				"down": {"uv": [0, 2, 2, 1], "rotation": 180, "texture": "#10", "cullface": "west"}
			}
		},
		{
			"from": [1, 6, 3],
			"to": [2, 9, 4],
			"rotation": {"angle": 0, "axis": "y", "origin": [1.5, 6.9, 5.1]},
			"faces": {
				"north": {"uv": [4, 1, 5, 4], "texture": "#10", "cullface": "west"},
				"east": {"uv": [4, 1, 5, 4], "texture": "#10", "cullface": "west"},
				"south": {"uv": [4, 1, 5, 4], "texture": "#10", "cullface": "west"},
				"west": {"uv": [4, 1, 5, 4], "texture": "#10", "cullface": "west"},
				"up": {"uv": [4, 1, 5, 2], "rotation": 90, "texture": "#10", "cullface": "west"},
				"down": {"uv": [4, 3, 5, 4], "rotation": 270, "texture": "#10", "cullface": "west"}
			}
		},
		{
			"from": [1, 9, 4],
			"to": [2, 10, 7],
			"rotation": {"angle": 0, "axis": "y", "origin": [1.5, 6.9, 5.1]},
			"faces": {
				"north": {"uv": [5, 0, 6, 1], "rotation": 90, "texture": "#10", "cullface": "west"},
				"south": {"uv": [7, 0, 8, 1], "rotation": 90, "texture": "#10", "cullface": "west"},
				"west": {"uv": [5, 0, 8, 1], "texture": "#10", "cullface": "west"},
				"up": {"uv": [5, 0, 8, 1], "rotation": 90, "texture": "#10", "cullface": "west"},
				"down": {"uv": [5, 0, 8, 1], "rotation": 270, "texture": "#10", "cullface": "west"}
			}
		},
		{
			"from": [1, 5, 4],
			"to": [2, 6, 7],
			"rotation": {"angle": 0, "axis": "y", "origin": [1.5, 6.9, 5.1]},
			"faces": {
				"north": {"uv": [5, 4, 6, 5], "rotation": 90, "texture": "#10", "cullface": "west"},
				"south": {"uv": [7, 4, 8, 5], "rotation": 90, "texture": "#10", "cullface": "west"},
				"west": {"uv": [5, 4, 8, 5], "texture": "#10", "cullface": "west"},
				"up": {"uv": [5, 4, 8, 5], "rotation": 90, "texture": "#10", "cullface": "west"},
				"down": {"uv": [5, 4, 8, 5], "rotation": 270, "texture": "#10", "cullface": "west"}
			}
		},
		{
			"from": [1.5, 6, 6],
			"to": [1.5, 9, 7],
			"rotation": {"angle": 0, "axis": "y", "origin": [1.5, 6.9, 5.1]},
			"faces": {
				"north": {"uv": [5, 4, 6, 5], "rotation": 90, "texture": "#10", "cullface": "west"},
				"east": {"uv": [7, 1, 8, 4], "texture": "#10", "cullface": "west"},
				"south": {"uv": [7, 4, 8, 5], "rotation": 90, "texture": "#10", "cullface": "west"},
				"west": {"uv": [7, 1, 8, 4], "texture": "#10", "cullface": "west"},
				"up": {"uv": [5, 4, 8, 5], "rotation": 90, "texture": "#10", "cullface": "west"},
				"down": {"uv": [5, 4, 8, 5], "rotation": 270, "texture": "#10", "cullface": "west"}
			}
		},
		{
			"from": [1, 4, 4],
			"to": [2, 5, 5],
			"rotation": {"angle": 0, "axis": "y", "origin": [1.5, 6.9, 5.1]},
			"faces": {
				"north": {"uv": [5, 5, 6, 6], "rotation": 90, "texture": "#10", "cullface": "west"},
				"south": {"uv": [5, 5, 6, 6], "rotation": 90, "texture": "#10", "cullface": "west"},
				"west": {"uv": [5, 5, 6, 6], "texture": "#10", "cullface": "west"},
				"up": {"uv": [5, 5, 6, 6], "rotation": 90, "texture": "#10", "cullface": "west"},
				"down": {"uv": [5, 5, 6, 6], "rotation": 270, "texture": "#10", "cullface": "west"}
			}
		},
		{
			"from": [3, 5, 1.5],
			"to": [11, 9, 1.5],
			"rotation": {"angle": 0, "axis": "y", "origin": [10, 12, 9.5]},
			"faces": {
				"north": {"uv": [10, 0, 14, 8], "rotation": 90, "texture": "#10", "cullface": "north"},
				"east": {"uv": [0, 0, 1, 6], "texture": "#missing", "cullface": "north"},
				"south": {"uv": [10, 8, 14, 0], "rotation": 90, "texture": "#10", "cullface": "north"},
				"west": {"uv": [0, 0, 1, 6], "texture": "#missing", "cullface": "north"},
				"up": {"uv": [0, 0, 12, 1], "texture": "#missing", "cullface": "north"},
				"down": {"uv": [0, 0, 12, 1], "texture": "#missing", "cullface": "north"}
			}
		},
		{
			"from": [12, 5, 1],
			"to": [13, 9, 2],
			"rotation": {"angle": 0, "axis": "y", "origin": [12, 12, 10]},
			"faces": {
				"north": {"uv": [10, 10, 14, 11], "rotation": 90, "texture": "#10", "cullface": "north"},
				"east": {"uv": [10, 10, 14, 11], "rotation": 90, "texture": "#10", "cullface": "north"},
				"west": {"uv": [10, 10, 14, 11], "rotation": 90, "texture": "#10", "cullface": "north"},
				"up": {"uv": [10, 10, 11, 11], "texture": "#10", "cullface": "north"},
				"down": {"uv": [13, 10, 14, 11], "texture": "#10", "cullface": "north"}
			}
		},
		{
			"from": [11, 8, 1],
			"to": [12, 9, 2],
			"rotation": {"angle": 0, "axis": "y", "origin": [11, 12, 10]},
			"faces": {
				"north": {"uv": [10, 9, 11, 10], "rotation": 270, "texture": "#10", "cullface": "north"},
				"east": {"uv": [10, 10, 11, 9], "rotation": 90, "texture": "#10", "cullface": "north"},
				"west": {"uv": [10, 9, 11, 10], "rotation": 90, "texture": "#10", "cullface": "north"},
				"up": {"uv": [10, 9, 11, 10], "texture": "#10", "cullface": "north"},
				"down": {"uv": [13, 10, 14, 11], "texture": "#10", "cullface": "north"}
			}
		},
		{
			"from": [11, 5, 1],
			"to": [12, 6, 2],
			"rotation": {"angle": 0, "axis": "y", "origin": [11, 9, 10]},
			"faces": {
				"north": {"uv": [13, 9, 14, 10], "rotation": 270, "texture": "#10", "cullface": "north"},
				"east": {"uv": [13, 10, 14, 9], "rotation": 90, "texture": "#10", "cullface": "north"},
				"west": {"uv": [13, 9, 14, 10], "rotation": 90, "texture": "#10", "cullface": "north"},
				"up": {"uv": [13, 9, 14, 10], "texture": "#10", "cullface": "north"},
				"down": {"uv": [13, 9, 14, 10], "texture": "#10", "cullface": "north"}
			}
		},
		{
			"from": [10, 6, 1],
			"to": [11, 8, 2],
			"rotation": {"angle": 0, "axis": "y", "origin": [10, 10, 10]},
			"faces": {
				"north": {"uv": [11, 8, 13, 9], "rotation": 270, "texture": "#10", "cullface": "north"},
				"east": {"uv": [11, 11, 13, 10], "rotation": 90, "texture": "#10", "cullface": "north"},
				"west": {"uv": [11, 10, 13, 11], "rotation": 90, "texture": "#10", "cullface": "north"},
				"up": {"uv": [11, 8, 12, 9], "rotation": 90, "texture": "#10", "cullface": "north"},
				"down": {"uv": [11, 8, 12, 9], "rotation": 90, "texture": "#10", "cullface": "north"}
			}
		},
		{
			"from": [14, 5, 3],
			"to": [15, 9, 13],
			"rotation": {"angle": 0, "axis": "y", "origin": [22, 12, 11]},
			"faces": {
				"north": {"uv": [0, 0, 1, 4], "texture": "#7", "cullface": "east"},
				"east": {"uv": [0, 0, 10, 4], "texture": "#7", "cullface": "east"},
				"south": {"uv": [0, 0, 1, 4], "texture": "#7", "cullface": "east"},
				"west": {"uv": [0, 0, 10, 4], "texture": "#7", "cullface": "east"},
				"up": {"uv": [0, 0, 1, 10], "texture": "#7", "cullface": "east"},
				"down": {"uv": [0, 0, 1, 10], "texture": "#7", "cullface": "east"}
			}
		},
		{
			"from": [15.01, 5, 3],
			"to": [15.01, 9, 13],
			"rotation": {"angle": 0, "axis": "y", "origin": [22, 13, 11]},
			"faces": {
				"east": {"uv": [6, 12, 16, 16], "texture": "#10", "cullface": "east"}
			}
		},
		{
			"name": "ee",
			"from": [0, 0, 0],
			"to": [16, 2, 16],
			"rotation": {"angle": 0, "axis": "y", "origin": [1, 1, 8]},
			"faces": {
				"north": {"uv": [0, 14, 16, 16], "texture": "#1", "cullface": "north"},
				"east": {"uv": [0, 14, 16, 16], "texture": "#1", "cullface": "east"},
				"south": {"uv": [0, 14, 16, 16], "texture": "#1", "cullface": "south"},
				"west": {"uv": [0, 14, 16, 16], "texture": "#1", "cullface": "west"},
				"up": {"uv": [0, 0, 16, 16], "texture": "#3"},
				"down": {"uv": [0, 0, 16, 16], "texture": "#3", "cullface": "down"}
			}
		},
		{
			"from": [14, 2, 14],
			"to": [16, 12, 16],
			"rotation": {"angle": 0, "axis": "y", "origin": [22, 8, 22]},
			"faces": {
				"north": {"uv": [3, 0, 5, 12], "texture": "#1", "cullface": "east"},
				"east": {"uv": [0, 2, 2, 14], "texture": "#1", "cullface": "east"},
				"south": {"uv": [14, 2, 16, 14], "texture": "#1", "cullface": "south"},
				"west": {"uv": [4, 0, 6, 12], "texture": "#1", "cullface": "south"}
			}
		},
		{
			"from": [14, 2, 0],
			"to": [16, 12, 2],
			"rotation": {"angle": 0, "axis": "y", "origin": [22, 8, 8]},
			"faces": {
				"north": {"uv": [0, 2, 2, 14], "texture": "#1", "cullface": "north"},
				"east": {"uv": [14, 2, 16, 14], "texture": "#1", "cullface": "east"},
				"south": {"uv": [2, 0, 4, 12], "texture": "#1", "cullface": "east"},
				"west": {"uv": [4, 0, 6, 12], "texture": "#1", "cullface": "north"}
			}
		},
		{
			"from": [0, 2, 0],
			"to": [2, 12, 2],
			"faces": {
				"north": {"uv": [14, 2, 16, 14], "texture": "#1", "cullface": "north"},
				"east": {"uv": [10, 0, 12, 12], "texture": "#1", "cullface": "north"},
				"south": {"uv": [2, 0, 4, 12], "texture": "#1", "cullface": "west"},
				"west": {"uv": [0, 2, 2, 14], "texture": "#1", "cullface": "west"}
			}
		},
		{
			"from": [0, 2, 14],
			"to": [2, 12, 16],
			"rotation": {"angle": 0, "axis": "y", "origin": [8, 8, 22]},
			"faces": {
				"north": {"uv": [3, 0, 5, 12], "texture": "#1", "cullface": "west"},
				"east": {"uv": [10, 0, 12, 12], "texture": "#1", "cullface": "south"},
				"south": {"uv": [0, 2, 2, 14], "texture": "#1", "cullface": "south"},
				"west": {"uv": [14, 2, 16, 14], "texture": "#1", "cullface": "west"}
			}
		},
		{
			"from": [0, 12, 0],
			"to": [16, 16, 16],
			"rotation": {"angle": 0, "axis": "y", "origin": [8, 20, 8]},
			"faces": {
				"north": {"uv": [0, 0, 16, 4], "texture": "#2", "cullface": "north"},
				"east": {"uv": [0, 0, 16, 4], "texture": "#2", "cullface": "east"},
				"south": {"uv": [0, 0, 16, 4], "texture": "#2", "cullface": "south"},
				"west": {"uv": [0, 0, 16, 4], "texture": "#2", "cullface": "west"},
				"up": {"uv": [0, 0, 16, 16], "texture": "#11", "cullface": "up"},
				"down": {"uv": [0, 0, 16, 16], "texture": "#3"}
			}
		}
	],
	"display": {
		"thirdperson_righthand": {
			"rotation": [75, 45, 0],
			"translation": [0, 2.5, 0],
			"scale": [0.375, 0.375, 0.375]
		},
		"thirdperson_lefthand": {
			"rotation": [75, 45, 0],
			"translation": [0, 2.5, 0],
			"scale": [0.375, 0.375, 0.375]
		},
		"firstperson_righthand": {
			"rotation": [0, 45, 0],
			"scale": [0.4, 0.4, 0.4]
		},
		"firstperson_lefthand": {
			"rotation": [0, 225, 0],
			"scale": [0.4, 0.4, 0.4]
		},
		"ground": {
			"translation": [0, 3, 0],
			"scale": [0.25, 0.25, 0.25]
		},
		"gui": {
			"rotation": [30, 225, 0],
			"scale": [0.625, 0.625, 0.625]
		},
		"fixed": {
			"scale": [0.5, 0.5, 0.5]
		}
	},
	"groups": [
		{
			"name": "group",
			"origin": [10, 9, 10],
			"color": 0,
			"children": [
				0,
				{
					"name": "group",
					"origin": [10, 8, 10],
					"color": 0,
					"children": [
						{
							"name": "group",
							"origin": [11, 7, 15],
							"color": 0,
							"children": [1, 2]
						},
						{
							"name": "group",
							"origin": [9, 16, 18],
							"color": 0,
							"children": [3, 4, 5]
						},
						{
							"name": "group",
							"origin": [10, 8, 10],
							"color": 0,
							"children": [6, 7, 8, 9, 10]
						},
						{
							"name": "group",
							"origin": [10, 8, 10],
							"color": 0,
							"children": [11, 12, 13, 14, 15]
						},
						{
							"name": "group",
							"origin": [22, 11, 10],
							"color": 0,
							"children": [16, 17]
						}
					]
				},
				{
					"name": "group",
					"origin": [8, 20, 8],
					"color": 0,
					"children": [
						18,
						{
							"name": "group",
							"origin": [8, 8, 22],
							"color": 0,
							"children": [19, 20, 21, 22]
						},
						23
					]
				}
			]
		}
	]
}