{
	"credit": "Made by Sawors",
	"textures": {
		"0": "lightning_rod",
		"1": "note_block",
		"3": "black_shulker_box",
		"4": "stripped_oak_log"
	},
	"elements": [
		{
			"from": [7, 5, 7.2],
			"to": [9, 7, 8],
			"faces": {
				"north": {"uv": [6, 1, 8, 3], "rotation": 270, "texture": "#3"},
				"east": {"uv": [0, 0, 0.8, 2], "texture": "#missing"},
				"south": {"uv": [0, 0, 2, 2], "texture": "#missing"},
				"west": {"uv": [0, 0, 0.8, 2], "texture": "#missing"},
				"up": {"uv": [0, 0, 2, 0.8], "texture": "#missing"},
				"down": {"uv": [0, 0, 2, 0.8], "texture": "#missing"}
			}
		},
		{
			"from": [7, 1, 7],
			"to": [9, 4, 8],
			"faces": {
				"north": {"uv": [6, 6, 8, 9], "texture": "#1"},
				"east": {"uv": [0, 0, 2, 3], "texture": "#missing"},
				"south": {"uv": [0, 0, 2, 3], "texture": "#missing"},
				"west": {"uv": [0, 0, 2, 3], "texture": "#missing"},
				"up": {"uv": [0, 0, 2, 2], "texture": "#missing"},
				"down": {"uv": [0, 0, 2, 2], "texture": "#missing"}
			}
		},
		{
			"from": [8, 8, 8],
			"to": [9, 12, 9],
			"faces": {
				"north": {"uv": [1, 4, 2, 8], "texture": "#0"},
				"east": {"uv": [0, 12, 1, 16], "texture": "#0"},
				"south": {"uv": [0, 4, 1, 8], "texture": "#0"},
				"west": {"uv": [0, 10, 1, 14], "texture": "#0"},
				"up": {"uv": [0, 0, 1, 1], "texture": "#0"},
				"down": {"uv": [0, 0, 1, 1], "texture": "#0"}
			}
		},
		{
			"from": [6, 7, 7],
			"to": [10, 8, 9],
			"faces": {
				"north": {"uv": [5, 5, 9, 6], "texture": "#4"},
				"east": {"uv": [5, 5, 7, 6], "texture": "#4"},
				"south": {"uv": [5, 5, 9, 6], "texture": "#4"},
				"west": {"uv": [5, 5, 7, 6], "texture": "#4"},
				"up": {"uv": [5, 5, 9, 7], "texture": "#4"},
				"down": {"uv": [5, 5, 9, 7], "texture": "#4"}
			}
		},
		{
			"from": [9, 0, 7],
			"to": [10, 5, 9],
			"faces": {
				"north": {"uv": [5, 5, 6, 10], "texture": "#4"},
				"east": {"uv": [5, 5, 7, 10], "texture": "#4"},
				"south": {"uv": [5, 5, 6, 10], "texture": "#4"},
				"west": {"uv": [5, 5, 7, 10], "texture": "#4"},
				"up": {"uv": [5, 5, 6, 7], "texture": "#4"},
				"down": {"uv": [5, 5, 6, 7], "texture": "#4"}
			}
		},
		{
			"from": [9, 5, 7],
			"to": [10, 7, 8],
			"faces": {
				"north": {"uv": [5, 5, 6, 7], "texture": "#4"},
				"east": {"uv": [5, 5, 6, 7], "texture": "#4"},
				"south": {"uv": [5, 5, 6, 7], "texture": "#4"},
				"west": {"uv": [5, 5, 6, 7], "texture": "#4"},
				"up": {"uv": [5, 5, 6, 6], "texture": "#4"},
				"down": {"uv": [5, 5, 6, 6], "texture": "#4"}
			}
		},
		{
			"from": [6, 5, 7],
			"to": [7, 7, 8],
			"faces": {
				"north": {"uv": [5, 5, 6, 7], "texture": "#4"},
				"east": {"uv": [5, 5, 6, 7], "texture": "#4"},
				"south": {"uv": [5, 5, 6, 7], "texture": "#4"},
				"west": {"uv": [5, 5, 6, 7], "texture": "#4"},
				"up": {"uv": [5, 5, 6, 6], "texture": "#4"},
				"down": {"uv": [5, 5, 6, 6], "texture": "#4"}
			}
		},
		{
			"from": [6, 5, 8],
			"to": [10, 7, 9],
			"faces": {
				"north": {"uv": [5, 5, 9, 7], "texture": "#4"},
				"east": {"uv": [5, 5, 6, 7], "texture": "#4"},
				"south": {"uv": [5, 5, 9, 7], "texture": "#4"},
				"west": {"uv": [5, 5, 6, 7], "texture": "#4"},
				"up": {"uv": [5, 5, 9, 6], "texture": "#4"},
				"down": {"uv": [5, 5, 9, 6], "texture": "#4"}
			}
		},
		{
			"from": [6, 0, 7],
			"to": [7, 5, 9],
			"faces": {
				"north": {"uv": [5, 5, 6, 10], "texture": "#4"},
				"east": {"uv": [5, 5, 7, 10], "texture": "#4"},
				"south": {"uv": [5, 5, 6, 10], "texture": "#4"},
				"west": {"uv": [5, 5, 7, 10], "texture": "#4"},
				"up": {"uv": [5, 5, 6, 7], "texture": "#4"},
				"down": {"uv": [5, 5, 6, 7], "texture": "#4"}
			}
		},
		{
			"from": [7, 0, 7],
			"to": [9, 1, 9],
			"faces": {
				"north": {"uv": [5, 5, 7, 6], "texture": "#4"},
				"east": {"uv": [5, 5, 7, 6], "texture": "#4"},
				"south": {"uv": [5, 5, 7, 6], "texture": "#4"},
				"west": {"uv": [5, 5, 7, 6], "texture": "#4"},
				"up": {"uv": [5, 5, 7, 7], "texture": "#4"},
				"down": {"uv": [5, 5, 7, 7], "texture": "#4"}
			}
		},
		{
			"from": [7, 1, 8],
			"to": [9, 4, 9],
			"faces": {
				"north": {"uv": [5, 5, 7, 8], "texture": "#4"},
				"east": {"uv": [5, 5, 6, 8], "texture": "#4"},
				"south": {"uv": [5, 5, 7, 8], "texture": "#4"},
				"west": {"uv": [5, 5, 6, 8], "texture": "#4"},
				"up": {"uv": [5, 5, 7, 6], "texture": "#4"},
				"down": {"uv": [5, 5, 7, 6], "texture": "#4"}
			}
		},
		{
			"from": [7, 4, 7],
			"to": [9, 5, 9],
			"faces": {
				"north": {"uv": [5, 5, 7, 6], "texture": "#4"},
				"east": {"uv": [5, 5, 7, 6], "texture": "#4"},
				"south": {"uv": [5, 5, 7, 6], "texture": "#4"},
				"west": {"uv": [5, 5, 7, 6], "texture": "#4"},
				"up": {"uv": [5, 5, 7, 7], "texture": "#4"},
				"down": {"uv": [5, 5, 7, 7], "texture": "#4"}
			}
		}
	],
	"display": {
		"thirdperson_righthand": {
			"rotation": [0, 90, 12.5],
			"translation": [0, 2.5, 0],
			"scale": [0.75, 0.75, 0.75]
		},
		"thirdperson_lefthand": {
			"rotation": [0, 90, 12.5],
			"translation": [0, 2.5, 0],
			"scale": [0.75, 0.75, 0.75]
		},
		"firstperson_righthand": {
			"rotation": [-21, 134, 10],
			"translation": [0, 5.5, 1.5],
			"scale": [0.75, 0.75, 0.75]
		},
		"firstperson_lefthand": {
			"rotation": [-21, 134, 10],
			"translation": [0, 5.5, 1.5],
			"scale": [0.75, 0.75, 0.75]
		},
		"ground": {
			"translation": [0, 5, 0]
		},
		"gui": {
			"rotation": [-22.5, 180, 22.5],
			"translation": [0.25, 1, 0]
		},
		"head": {
			"translation": [0, 14.25, 0]
		},
		"fixed": {
			"rotation": [0, 0, 45],
			"translation": [-1.75, 1.5, 0.25],
			"scale": [1.25, 1.25, 1.25]
		}
	},
	"groups": [
		0,
		1,
		2,
		{
			"name": "group",
			"origin": [0, 0, 0],
			"color": 0,
			"children": [3, 4, 5, 6, 7, 8, 9, 10, 11]
		}
	]
}