{
	"credit": "Made by Sawors",
	"ambientocclusion": false,
	"textures": {
		"stick": "block/oak_log",
		"flame": "block/void_texture",
		"holder": "block/anvil",
		"particle": "block/torch",
		"torch": "block/torch"
	},
	"elements": [
		{
			"from": [7, 8, 7],
			"to": [9, 10, 9],
			"rotation": {"angle": 0, "axis": "y", "origin": [8, 4, 8]},
			"faces": {
				"north": {"uv": [7, 6, 9, 8], "texture": "#torch"},
				"east": {"uv": [7, 6, 9, 8], "texture": "#torch"},
				"south": {"uv": [7, 6, 9, 8], "texture": "#torch"},
				"west": {"uv": [7, 6, 9, 8], "texture": "#torch"},
				"up": {"uv": [7, 6, 9, 8], "texture": "#torch"},
				"down": {"uv": [7, 14, 9, 16], "texture": "#torch"}
			}
		},
		{
			"from": [7, 0, 7],
			"to": [9, 8, 9],
			"rotation": {"angle": 0, "axis": "y", "origin": [8, 4, 8]},
			"faces": {
				"north": {"uv": [7, 7, 9, 15], "texture": "#stick"},
				"east": {"uv": [6, 8, 8, 16], "texture": "#stick"},
				"south": {"uv": [5, 0, 7, 8], "texture": "#stick"},
				"west": {"uv": [10, 5, 12, 13], "texture": "#stick"},
				"up": {"uv": [3, 11, 5, 13], "texture": "#stick"},
				"down": {"uv": [11, 2, 13, 4], "texture": "#stick"}
			}
		},
		{
			"name": "FLAME1",
			"from": [6.99, 8, 6],
			"to": [6.99, 12, 10],
			"rotation": {"angle": 0, "axis": "y", "origin": [14, 16, 16]},
			"faces": {
				"north": {"uv": [0, 0, 16, 16], "texture": "#flame"},
				"east": {"uv": [16, 0, 0, 16], "texture": "#flame"},
				"south": {"uv": [0, 0, 16, 16], "texture": "#flame"},
				"west": {"uv": [0, 0, 16, 16], "texture": "#flame"}
			}
		},
		{
			"from": [6, 8, 6.99],
			"to": [10, 12, 6.99],
			"rotation": {"angle": 0, "axis": "y", "origin": [8, 10, 7]},
			"faces": {
				"north": {"uv": [0, 0, 16, 16], "texture": "#flame"},
				"east": {"uv": [16, 0, 0, 16], "texture": "#flame"},
				"south": {"uv": [0, 0, 16, 16], "texture": "#flame"},
				"west": {"uv": [0, 0, 16, 16], "texture": "#flame"}
			}
		},
		{
			"from": [9.01, 8, 6],
			"to": [9.01, 12, 10],
			"rotation": {"angle": 0, "axis": "y", "origin": [16, 16, 16]},
			"faces": {
				"north": {"uv": [0, 0, 16, 16], "texture": "#flame"},
				"east": {"uv": [16, 0, 0, 16], "texture": "#flame"},
				"south": {"uv": [0, 0, 16, 16], "texture": "#flame"},
				"west": {"uv": [0, 0, 16, 16], "texture": "#flame"}
			}
		},
		{
			"from": [6, 8, 9.01],
			"to": [10, 12, 9.01],
			"rotation": {"angle": 0, "axis": "y", "origin": [8, 10, 9]},
			"faces": {
				"north": {"uv": [0, 0, 16, 16], "texture": "#flame"},
				"east": {"uv": [16, 0, 0, 16], "texture": "#flame"},
				"south": {"uv": [0, 0, 16, 16], "texture": "#flame"},
				"west": {"uv": [0, 0, 16, 16], "texture": "#flame"}
			}
		},
		{
			"from": [6.5, 5, 6.5],
			"to": [9.5, 8, 9.5],
			"rotation": {"angle": 0, "axis": "y", "origin": [14, 15, 17]},
			"faces": {
				"north": {"uv": [0, 0, 3, 3], "texture": "#holder"},
				"east": {"uv": [0, 0, 3, 3], "texture": "#holder"},
				"south": {"uv": [0, 0, 3, 3], "texture": "#holder"},
				"west": {"uv": [0, 0, 3, 3], "texture": "#holder"},
				"up": {"uv": [0, 0, 3, 3], "texture": "#holder"},
				"down": {"uv": [0, 0, 3, 3], "texture": "#holder"}
			}
		}
	],
	"groups": [0, 1,
		{
			"name": "group",
			"origin": [8, 10, 9],
			"color": 0,
			"children": [
				{
					"name": "group",
					"origin": [8, 10, 9],
					"color": 0,
					"children": [2, 3, 4, 5]
				}, 6]
		}
	]
}