{
	"credit": "Made by Sawors",
	"parent": "item/hats/_hat",
	"texture_size": [64, 64],
	"textures": {
		"1": "entity/villager/profession/armorer"
	},
	"elements": [
		{
			"name": "body",
			"from": [9, -0.5, 2.5],
			"to": [12, 0.5, 3.5],
			"rotation": {"angle": 0, "axis": "y", "origin": [8, 1.75, 7.25]},
			"faces": {
				"north": {"uv": [10, 3, 10.75, 3.25], "texture": "#1"},
				"east": {"uv": [10.5, 3, 10.75, 3.25], "texture": "#1"},
				"south": {"uv": [10, 3, 10.75, 3.25], "texture": "#1"},
				"west": {"uv": [10, 3, 10.25, 3.25], "texture": "#1"},
				"up": {"uv": [10, 3, 10.75, 3.25], "texture": "#1"},
				"down": {"uv": [10, 3, 10.75, 3.25], "texture": "#1"}
			}
		},
		{
			"name": "body",
			"from": [4, 0.5, 2.5],
			"to": [12, 1.5, 3.5],
			"rotation": {"angle": 0, "axis": "y", "origin": [8, 1.75, 7.25]},
			"faces": {
				"north": {"uv": [10, 2.75, 12, 3], "texture": "#1"},
				"east": {"uv": [12, 2.75, 12.25, 3], "texture": "#1"},
				"south": {"uv": [10, 2.75, 12, 3], "texture": "#1"},
				"west": {"uv": [9.75, 2.75, 10, 3], "texture": "#1"},
				"up": {"uv": [10, 2.75, 12, 3], "texture": "#1"},
				"down": {"uv": [10, 2.75, 12, 3], "texture": "#1"}
			}
		},
		{
			"name": "body",
			"from": [4, -0.5, 2.5],
			"to": [7, 0.5, 3.5],
			"rotation": {"angle": 0, "axis": "y", "origin": [8, 1.75, 7.25]},
			"faces": {
				"north": {"uv": [11.25, 3, 12, 3.25], "texture": "#1"},
				"east": {"uv": [11.75, 3, 12, 3.25], "texture": "#1"},
				"south": {"uv": [11.25, 3, 12, 3.25], "texture": "#1"},
				"west": {"uv": [11.25, 3, 11.5, 3.25], "texture": "#1"},
				"up": {"uv": [11.25, 3, 12, 3.25], "texture": "#1"},
				"down": {"uv": [10, 3, 10.75, 3.25], "texture": "#1"}
			}
		},
		{
			"name": "body",
			"from": [7, 1.5, 2.5],
			"to": [9, 2.5, 3.5],
			"rotation": {"angle": 0, "axis": "y", "origin": [8, 1.75, 7.25]},
			"faces": {
				"north": {"uv": [10.75, 2.5, 11.25, 2.75], "texture": "#1"},
				"east": {"uv": [10.75, 2.5, 11, 2.75], "texture": "#1"},
				"south": {"uv": [10.75, 2.5, 11.25, 2.75], "texture": "#1"},
				"west": {"uv": [10.75, 2.5, 11, 2.75], "texture": "#1"},
				"up": {"uv": [10.75, 2.5, 11.25, 2.75], "texture": "#1"}
			}
		},
		{
			"name": "body",
			"from": [11, 1.5, 2.5],
			"to": [12, 2.5, 3.5],
			"rotation": {"angle": 0, "axis": "y", "origin": [8, 1.75, 7.25]},
			"faces": {
				"north": {"uv": [10, 2.5, 10.25, 2.75], "texture": "#1"},
				"east": {"uv": [10, 2.5, 10.25, 2.75], "texture": "#1"},
				"south": {"uv": [10, 2.5, 10.25, 2.75], "texture": "#1"},
				"west": {"uv": [10, 2.5, 10.25, 2.75], "texture": "#1"},
				"up": {"uv": [10, 2.5, 10.25, 2.75], "texture": "#1"}
			}
		},
		{
			"name": "body",
			"from": [4, 2.5, 2.5],
			"to": [12, 4.5, 3.5],
			"rotation": {"angle": 0, "axis": "y", "origin": [8, 1.75, 7.25]},
			"faces": {
				"north": {"uv": [10, 2, 12, 2.5], "texture": "#1"},
				"east": {"uv": [12, 2, 12.25, 2.5], "texture": "#1"},
				"south": {"uv": [10, 2, 12, 2.5], "texture": "#1"},
				"west": {"uv": [9.75, 2, 10, 2.5], "texture": "#1"},
				"up": {"uv": [10, 1.75, 12, 2], "texture": "#1"},
				"down": {"uv": [10, 2.25, 12, 2.5], "texture": "#1"}
			}
		},
		{
			"name": "body",
			"from": [4, 1.5, 2.5],
			"to": [5, 2.5, 3.5],
			"rotation": {"angle": 0, "axis": "y", "origin": [8, 1.75, 7.25]},
			"faces": {
				"north": {"uv": [11.75, 2.5, 12, 2.75], "texture": "#1"},
				"east": {"uv": [11.75, 2.5, 12, 2.75], "texture": "#1"},
				"south": {"uv": [11.75, 2.5, 12, 2.75], "texture": "#1"},
				"west": {"uv": [11.75, 2.5, 12, 2.75], "texture": "#1"},
				"up": {"uv": [11.75, 2.5, 12, 2.75], "texture": "#1"}
			}
		},
		{
			"name": "body",
			"from": [4, -1.5, 11.5],
			"to": [12, 3.5, 11.5],
			"rotation": {"angle": 0, "axis": "y", "origin": [8, 1.75, 7.25]},
			"faces": {
				"north": {"uv": [12.25, 2, 14.25, 3.25], "texture": "#1"},
				"south": {"uv": [12.25, 2, 14.25, 3.25], "texture": "#1"}
			}
		},
		{
			"name": "body",
			"from": [4, -1.5, 3.5],
			"to": [12, 3.5, 3.5],
			"rotation": {"angle": 0, "axis": "y", "origin": [8, 1.75, 7.25]},
			"faces": {
				"north": {"uv": [14, 2, 16, 3.25], "texture": "#1"},
				"south": {"uv": [14, 2, 16, 3.25], "texture": "#1"}
			}
		},
		{
			"name": "body",
			"from": [4, -1.5, 3.5],
			"to": [4, 3.5, 11.5],
			"rotation": {"angle": 0, "axis": "y", "origin": [8, 1.75, 7.25]},
			"faces": {
				"east": {"uv": [12.25, 2, 14.25, 3.25], "texture": "#1"},
				"west": {"uv": [12.25, 2, 14.25, 3.25], "texture": "#1"}
			}
		},
		{
			"name": "body",
			"from": [12, -1.5, 3.5],
			"to": [12, 3.5, 11.5],
			"rotation": {"angle": 0, "axis": "y", "origin": [8, 1.75, 7.25]},
			"faces": {
				"east": {"uv": [14.25, 2, 12.25, 3.25], "texture": "#1"},
				"west": {"uv": [12.25, 2, 14.25, 3.25], "texture": "#1"}
			}
		}
	],
	"groups": [
		{
			"name": "group",
			"origin": [0, 0, 0],
			"color": 0,
			"children": [
				{
					"name": "group",
					"origin": [0, 0, 0],
					"color": 0,
					"children": [0, 1, 2, 3, 4, 5, 6]
				},
				7,
				8,
				9,
				10
			]
		}
	]
}