{
	"credit": "Made by Sawors",
	"parent": "item/hats/_hat",
	"texture_size": [64, 64],
	"textures": {
		"6": "entity/villager/profession/fisherman",
		"particle": "entity/villager/profession/farmer"
	},
	"elements": [
		{
			"name": "long",
			"from": [0, 0, 0],
			"to": [16, 0, 16],
			"rotation": {"angle": 0, "axis": "y", "origin": [8, 1, 8]},
			"faces": {
				"north": {"uv": [0, 0, 8, 0], "texture": "#6"},
				"east": {"uv": [0, 0, 8, 0], "texture": "#6"},
				"south": {"uv": [0, 0, 8, 0], "texture": "#6"},
				"west": {"uv": [0, 0, 8, 0], "texture": "#6"},
				"up": {"uv": [7.75, 12, 11.75, 16], "texture": "#6"},
				"down": {"uv": [7.75, 16, 11.75, 12], "texture": "#6"}
			}
		},
		{
			"name": "body",
			"from": [3.5, 0, 3.5],
			"to": [12.5, 4, 3.5],
			"rotation": {"angle": 0, "axis": "y", "origin": [8, 1, 8]},
			"faces": {
				"north": {"uv": [9.75, 2, 12, 3], "texture": "#6"},
				"east": {"uv": [12, 2, 14, 3], "texture": "#6"},
				"south": {"uv": [13.75, 2, 16, 3], "texture": "#6"},
				"west": {"uv": [8, 2, 10, 3], "texture": "#6"},
				"up": {"uv": [10, 0, 12, 2], "texture": "#6"},
				"down": {"uv": [0, 0, 4, 4], "texture": "#6"}
			}
		},
		{
			"name": "body",
			"from": [12.5, 0, 3.5],
			"to": [12.5, 4, 12.5],
			"rotation": {"angle": 0, "axis": "y", "origin": [8, 1, 8]},
			"faces": {
				"north": {"uv": [9.75, 2, 12.25, 3], "texture": "#6"},
				"east": {"uv": [12, 2, 14.25, 3], "texture": "#6"},
				"south": {"uv": [14, 2, 16, 3], "texture": "#6"},
				"west": {"uv": [8, 2, 10.25, 3], "texture": "#6"},
				"up": {"uv": [10, 0, 12, 2], "texture": "#6"},
				"down": {"uv": [0, 0, 4, 4], "texture": "#6"}
			}
		},
		{
			"name": "body",
			"from": [3.5, 0, 3.5],
			"to": [3.5, 4, 12.5],
			"rotation": {"angle": 0, "axis": "y", "origin": [8, 1, 8]},
			"faces": {
				"north": {"uv": [9.75, 2, 12.25, 3], "texture": "#6"},
				"east": {"uv": [12, 2, 14.25, 3], "texture": "#6"},
				"south": {"uv": [14, 2, 16, 3], "texture": "#6"},
				"west": {"uv": [8, 2, 10.25, 3], "texture": "#6"},
				"up": {"uv": [10, 0, 12, 2], "texture": "#6"},
				"down": {"uv": [0, 0, 4, 4], "texture": "#6"}
			}
		},
		{
			"name": "body",
			"from": [3.5, 0, 12.5],
			"to": [12.5, 4, 12.5],
			"rotation": {"angle": 0, "axis": "y", "origin": [8, 1, 8]},
			"faces": {
				"north": {"uv": [9.75, 2, 12, 3], "texture": "#6"},
				"east": {"uv": [12, 2, 14, 3], "texture": "#6"},
				"south": {"uv": [13.75, 2, 16, 3], "texture": "#6"},
				"west": {"uv": [8, 2, 10, 3], "texture": "#6"},
				"up": {"uv": [10, 0, 12, 2], "texture": "#6"},
				"down": {"uv": [0, 0, 4, 4], "texture": "#6"}
			}
		},
		{
			"name": "body",
			"from": [4, 0, 4],
			"to": [12, 3, 12],
			"rotation": {"angle": 0, "axis": "y", "origin": [8, 1, 8]},
			"faces": {
				"north": {"uv": [2, 2, 4, 2.75], "texture": "#6"},
				"east": {"uv": [4, 2, 6, 2.75], "texture": "#6"},
				"south": {"uv": [6, 2, 8, 2.75], "texture": "#6"},
				"west": {"uv": [0, 2, 2, 2.75], "texture": "#6"},
				"up": {"uv": [2, 0, 4, 2], "texture": "#6"}
			}
		}
	],
	"groups": [
		{
			"name": "group",
			"origin": [0, 0, 0],
			"color": 0,
			"children": [0, 1, 2, 3, 4, 5]
		}
	]
}