{
	"credit": "Made by Sawors",
	"parent": "item/hats/_hat",
	"texture_size": [64, 64],
	"textures": {
		"7": "entity/villager/profession/fletcher",
		"particle": "entity/villager/profession/farmer"
	},
	"elements": [
		{
			"name": "body",
			"from": [3.5, -0.5, 3.5],
			"to": [12.5, 4.5, 3.5],
			"rotation": {"angle": 0, "axis": "y", "origin": [8, 2, 8]},
			"faces": {
				"north": {"uv": [10, 2, 12, 3.25], "texture": "#7"},
				"east": {"uv": [12, 2, 14, 3.25], "texture": "#7"},
				"south": {"uv": [10, 2, 12, 3.25], "texture": "#7"},
				"west": {"uv": [8, 2, 10, 3.25], "texture": "#7"},
				"up": {"uv": [10, 0, 12, 2], "texture": "#7"}
			}
		},
		{
			"name": "body",
			"from": [3.5, -0.5, 12.5],
			"to": [12.5, 4.5, 12.5],
			"rotation": {"angle": 0, "axis": "y", "origin": [8, 2, 8]},
			"faces": {
				"north": {"uv": [14, 2, 16, 3.25], "texture": "#7"},
				"south": {"uv": [14, 2, 16, 3.25], "texture": "#7"}
			}
		},
		{
			"name": "body",
			"from": [3.5, -0.5, 3.5],
			"to": [3.5, 4.5, 12.5],
			"rotation": {"angle": 0, "axis": "y", "origin": [8, 2, 8]},
			"faces": {
				"north": {"uv": [10, 2, 12, 3.25], "texture": "#7"},
				"east": {"uv": [14, 2, 12, 3.25], "texture": "#7"},
				"south": {"uv": [14, 2, 16, 3.25], "texture": "#7"},
				"west": {"uv": [12, 2, 14, 3.25], "texture": "#7"},
				"up": {"uv": [10, 0, 12, 2], "texture": "#7"}
			}
		},
		{
			"name": "body",
			"from": [12.5, -0.5, 3.5],
			"to": [12.5, 4.5, 12.5],
			"rotation": {"angle": 0, "axis": "y", "origin": [8, 2, 8]},
			"faces": {
				"east": {"uv": [10, 2, 8, 3.25], "texture": "#7"},
				"west": {"uv": [8, 2, 10, 3.25], "texture": "#7"}
			}
		},
		{
			"name": "body",
			"from": [4, -0.5, 4],
			"to": [12, 4.5, 12],
			"rotation": {"angle": 0, "axis": "y", "origin": [8, 2, 8]},
			"faces": {
				"north": {"uv": [2, 2, 4, 3.25], "texture": "#7"},
				"east": {"uv": [4, 2, 6, 3.25], "texture": "#7"},
				"south": {"uv": [6, 2, 8, 3.25], "texture": "#7"},
				"west": {"uv": [0, 2, 2, 3.25], "texture": "#7"},
				"up": {"uv": [2, 0, 4, 2], "texture": "#7"}
			}
		}
	],
	"groups": [
		{
			"name": "group",
			"origin": [0, 0, 0],
			"color": 0,
			"children": [0, 1, 2, 3, 4]
		}
	]
}