{
	"credit": "Made by Sawors",
	"parent": "item/hats/_hat",
	"texture_size": [64, 64],
	"textures": {
		"14": "entity/villager/profession/weaponsmith",
		"particle": "entity/villager/profession/weaponsmith"
	},
	"elements": [
		{
			"name": "body",
			"from": [4.5, -4.5, 11.5],
			"to": [11.5, 2.5, 11.5],
			"rotation": {"angle": 0, "axis": "y", "origin": [8, -1, 8]},
			"faces": {
				"north": {"uv": [8, 2.5, 6, 4.5], "texture": "#14"},
				"south": {"uv": [6, 2.5, 8, 4.5], "texture": "#14"}
			}
		},
		{
			"name": "body",
			"from": [4.5, -4.5, 4.5],
			"to": [11.5, 2.5, 4.5],
			"rotation": {"angle": 0, "axis": "y", "origin": [8, -1, 8]},
			"faces": {
				"north": {"uv": [2, 2.5, 4, 4.5], "texture": "#14"},
				"south": {"uv": [4, 2.5, 2, 4.5], "texture": "#14"}
			}
		},
		{
			"name": "body",
			"from": [4.5, -4.5, 4.5],
			"to": [4.5, 2.5, 11.5],
			"rotation": {"angle": 0, "axis": "y", "origin": [8, -1, 8]},
			"faces": {
				"east": {"uv": [6, 2.5, 4, 4.5], "texture": "#14"},
				"west": {"uv": [4, 2.5, 6, 4.5], "texture": "#14"}
			}
		},
		{
			"name": "body",
			"from": [11.5, -4.5, 4.5],
			"to": [11.5, 2.5, 11.5],
			"rotation": {"angle": 0, "axis": "y", "origin": [8, -1, 8]},
			"faces": {
				"east": {"uv": [2, 2.5, 0, 4.5], "texture": "#14"},
				"west": {"uv": [0, 2.5, 2, 4.5], "texture": "#14"}
			}
		}
	],
	"groups": [
		{
			"name": "group",
			"origin": [0, 0, 0],
			"color": 0,
			"children": [0, 1, 2, 3]
		}
	]
}