{
	"credit": "Made by Sawors",
	"parent": "item/crossbow_pulling_0",
	"texture_size": [32, 32],
	"textures": {
		"1": "item/crossbow_standby",
		"2": "item/crossbows/crossbow",
		"3": "item/crossbows/arrow"
	},
	"elements": [
		{
			"from": [-1.5, -0.9, 9.4],
			"to": [14.5, 4.1, 9.4],
			"rotation": {"angle": -45, "axis": "y", "origin": [9.5, 9, 9]},
			"faces": {
				"north": {"uv": [0, 0, 8, 2.5], "texture": "#3"},
				"south": {"uv": [8, 0, 0, 2.5], "texture": "#3"}
			}
		},
		{
			"from": [-1.5, 1.6, 6.9],
			"to": [14.5, 1.6, 11.9],
			"rotation": {"angle": -45, "axis": "y", "origin": [9.5, 9, 9]},
			"faces": {
				"up": {"uv": [0, 0, 8, 2.5], "rotation": 180, "texture": "#3"},
				"down": {"uv": [8, 0, 0, 2.5], "texture": "#3"}
			}
		},
		{
			"from": [12.5, -0.9, 6.9],
			"to": [12.5, 4.1, 11.9],
			"rotation": {"angle": -45, "axis": "y", "origin": [9.5, 9, 9]},
			"faces": {
				"east": {"uv": [0, 2.5, 2.5, 5], "rotation": 180, "texture": "#3"},
				"west": {"uv": [0, 2.5, 2.5, 5], "rotation": 180, "texture": "#3"}
			}
		},
		{
			"from": [0, 1, 0],
			"to": [16, 1, 16],
			"rotation": {"angle": 0, "axis": "y", "origin": [8, 0, 8]},
			"faces": {
				"north": {"uv": [0, 0, 16, 0], "texture": "#2"},
				"east": {"uv": [0, 0, 16, 0], "texture": "#2"},
				"south": {"uv": [0, 0, 16, 0], "texture": "#2"},
				"west": {"uv": [0, 0, 16, 0], "texture": "#2"},
				"up": {"uv": [0, 0, 8, 8], "texture": "#2"}
			}
		},
		{
			"from": [0, 0, 0],
			"to": [16, 0, 16],
			"rotation": {"angle": 0, "axis": "y", "origin": [8, 0, 8]},
			"faces": {
				"north": {"uv": [0, 0, 16, 0], "texture": "#1"},
				"east": {"uv": [0, 0, 16, 0], "texture": "#1"},
				"south": {"uv": [0, 0, 16, 0], "texture": "#1"},
				"west": {"uv": [0, 0, 16, 0], "texture": "#1"},
				"down": {"uv": [0, 0, 8, 8], "rotation": 270, "texture": "#2"}
			}
		},
		{
			"from": [5, 0, 5],
			"to": [9, 1, 9],
			"faces": {
				"north": {"uv": [15, 14, 16, 15], "texture": "#1"},
				"east": {"uv": [15, 13, 16, 14], "texture": "#1"},
				"south": {"uv": [14, 15, 15, 16], "texture": "#1"},
				"west": {"uv": [13, 15, 14, 16], "texture": "#1"}
			}
		},
		{
			"from": [4, 0, 4],
			"to": [5, 1, 8],
			"faces": {
				"north": {"uv": [15, 14, 16, 15], "texture": "#1"},
				"east": {"uv": [15, 13, 16, 14], "texture": "#1"},
				"south": {"uv": [14, 15, 15, 16], "texture": "#1"},
				"west": {"uv": [13, 15, 14, 16], "texture": "#1"}
			}
		},
		{
			"from": [5, 0, 4],
			"to": [8, 1, 5],
			"faces": {
				"north": {"uv": [15, 14, 16, 15], "texture": "#1"},
				"east": {"uv": [15, 13, 16, 14], "texture": "#1"},
				"south": {"uv": [14, 15, 15, 16], "texture": "#1"},
				"west": {"uv": [13, 15, 14, 16], "texture": "#1"}
			}
		},
		{
			"from": [9, 0, 9],
			"to": [13, 1, 13],
			"faces": {
				"north": {"uv": [15, 14, 16, 15], "texture": "#1"},
				"east": {"uv": [15, 13, 16, 14], "texture": "#1"},
				"south": {"uv": [14, 15, 15, 16], "texture": "#1"},
				"west": {"uv": [13, 15, 14, 16], "texture": "#1"}
			}
		},
		{
			"from": [9, 0, 7],
			"to": [11, 1, 9],
			"faces": {
				"north": {"uv": [15, 14, 16, 15], "texture": "#1"},
				"east": {"uv": [15, 13, 16, 14], "texture": "#1"},
				"south": {"uv": [14, 15, 15, 16], "texture": "#1"},
				"west": {"uv": [13, 15, 14, 16], "texture": "#1"}
			}
		},
		{
			"from": [7, 0, 9],
			"to": [9, 1, 11],
			"faces": {
				"north": {"uv": [15, 14, 16, 15], "texture": "#1"},
				"east": {"uv": [15, 13, 16, 14], "texture": "#1"},
				"south": {"uv": [14, 15, 15, 16], "texture": "#1"},
				"west": {"uv": [13, 15, 14, 16], "texture": "#1"}
			}
		},
		{
			"from": [13, 0, 13],
			"to": [15, 1, 15],
			"faces": {
				"north": {"uv": [15, 14, 16, 15], "texture": "#1"},
				"east": {"uv": [15, 13, 16, 14], "texture": "#1"},
				"south": {"uv": [14, 15, 15, 16], "texture": "#1"},
				"west": {"uv": [13, 15, 14, 16], "texture": "#1"}
			}
		},
		{
			"from": [13, 0, 15],
			"to": [15, 1, 16],
			"faces": {
				"north": {"uv": [15, 14, 16, 15], "texture": "#1"},
				"east": {"uv": [15, 13, 16, 14], "texture": "#1"},
				"south": {"uv": [14, 15, 15, 16], "texture": "#1"},
				"west": {"uv": [13, 15, 14, 16], "texture": "#1"}
			}
		},
		{
			"from": [11, 0, 13],
			"to": [13, 1, 14],
			"faces": {
				"north": {"uv": [15, 14, 16, 15], "texture": "#1"},
				"east": {"uv": [15, 13, 16, 14], "texture": "#1"},
				"south": {"uv": [14, 15, 15, 16], "texture": "#1"},
				"west": {"uv": [13, 15, 14, 16], "texture": "#1"}
			}
		},
		{
			"from": [15, 0, 13],
			"to": [16, 1, 15],
			"faces": {
				"north": {"uv": [15, 14, 16, 15], "texture": "#1"},
				"east": {"uv": [15, 13, 16, 14], "texture": "#1"},
				"south": {"uv": [14, 15, 15, 16], "texture": "#1"},
				"west": {"uv": [13, 15, 14, 16], "texture": "#1"}
			}
		},
		{
			"from": [13, 0, 11],
			"to": [14, 1, 13],
			"faces": {
				"north": {"uv": [15, 14, 16, 15], "texture": "#1"},
				"east": {"uv": [15, 13, 16, 14], "texture": "#1"},
				"south": {"uv": [14, 15, 15, 16], "texture": "#1"},
				"west": {"uv": [13, 15, 14, 16], "texture": "#1"}
			}
		},
		{
			"from": [14, 0, 12],
			"to": [15, 1, 13],
			"faces": {
				"north": {"uv": [15, 14, 16, 15], "texture": "#1"},
				"east": {"uv": [15, 13, 16, 14], "texture": "#1"},
				"south": {"uv": [14, 15, 15, 16], "texture": "#1"},
				"west": {"uv": [13, 15, 14, 16], "texture": "#1"}
			}
		},
		{
			"from": [12, 0, 14],
			"to": [13, 1, 15],
			"faces": {
				"north": {"uv": [15, 14, 16, 15], "texture": "#1"},
				"east": {"uv": [15, 13, 16, 14], "texture": "#1"},
				"south": {"uv": [14, 15, 15, 16], "texture": "#1"},
				"west": {"uv": [13, 15, 14, 16], "texture": "#1"}
			}
		},
		{
			"from": [8, 0, 11],
			"to": [9, 1, 12],
			"faces": {
				"north": {"uv": [15, 14, 16, 15], "texture": "#1"},
				"east": {"uv": [15, 13, 16, 14], "texture": "#1"},
				"south": {"uv": [14, 15, 15, 16], "texture": "#1"},
				"west": {"uv": [13, 15, 14, 16], "texture": "#1"}
			}
		},
		{
			"from": [11, 0, 8],
			"to": [12, 1, 9],
			"faces": {
				"north": {"uv": [15, 14, 16, 15], "texture": "#1"},
				"east": {"uv": [15, 13, 16, 14], "texture": "#1"},
				"south": {"uv": [14, 15, 15, 16], "texture": "#1"},
				"west": {"uv": [13, 15, 14, 16], "texture": "#1"}
			}
		},
		{
			"from": [6, 0, 9],
			"to": [7, 1, 10],
			"faces": {
				"north": {"uv": [15, 14, 16, 15], "texture": "#1"},
				"east": {"uv": [15, 13, 16, 14], "texture": "#1"},
				"south": {"uv": [14, 15, 15, 16], "texture": "#1"},
				"west": {"uv": [13, 15, 14, 16], "texture": "#1"}
			}
		},
		{
			"from": [9, 0, 6],
			"to": [10, 1, 7],
			"faces": {
				"north": {"uv": [15, 14, 16, 15], "texture": "#1"},
				"east": {"uv": [15, 13, 16, 14], "texture": "#1"},
				"south": {"uv": [14, 15, 15, 16], "texture": "#1"},
				"west": {"uv": [13, 15, 14, 16], "texture": "#1"}
			}
		},
		{
			"from": [1, 0.5, 8],
			"to": [3, 1.5, 14],
			"rotation": {"angle": 22.5, "axis": "y", "origin": [4, 1, 6]},
			"faces": {
				"north": {"uv": [5.5, 6.5, 6, 7], "texture": "#2"},
				"east": {"uv": [7.5, 6.5, 8, 7], "texture": "#2"},
				"south": {"uv": [5.5, 6.5, 6, 7], "texture": "#2"},
				"west": {"uv": [7.5, 6.5, 8, 7], "texture": "#2"}
			}
		},
		{
			"from": [2, 0.5, 6],
			"to": [4, 1.5, 10],
			"rotation": {"angle": 22.5, "axis": "y", "origin": [4, 1, 6]},
			"faces": {
				"north": {"uv": [5.5, 6.5, 6, 7], "texture": "#2"},
				"east": {"uv": [7.5, 6.5, 8, 7], "texture": "#2"},
				"south": {"uv": [5.5, 6.5, 6, 7], "texture": "#2"},
				"west": {"uv": [7.5, 6.5, 8, 7], "texture": "#2"}
			}
		},
		{
			"from": [0, 0.5, 12],
			"to": [1, 1.5, 13],
			"rotation": {"angle": 22.5, "axis": "y", "origin": [4, 1, 6]},
			"faces": {
				"north": {"uv": [5.5, 6.5, 6, 7], "texture": "#2"},
				"east": {"uv": [7.5, 6.5, 8, 7], "texture": "#2"},
				"south": {"uv": [5.5, 6.5, 6, 7], "texture": "#2"},
				"west": {"uv": [7.5, 6.5, 8, 7], "texture": "#2"}
			}
		},
		{
			"from": [0, 1.5, 6],
			"to": [4, 1.5, 14],
			"rotation": {"angle": 22.5, "axis": "y", "origin": [4, 1, 6]},
			"faces": {
				"north": {"uv": [0, 0, 8, 0], "texture": "#missing"},
				"east": {"uv": [0, 0, 8, 0], "texture": "#missing"},
				"south": {"uv": [0, 0, 8, 0], "texture": "#missing"},
				"west": {"uv": [0, 0, 8, 0], "texture": "#missing"},
				"up": {"uv": [8, 3, 10, 7], "texture": "#2"}
			}
		},
		{
			"from": [0, 0.5, 6],
			"to": [4, 0.5, 14],
			"rotation": {"angle": 22.5, "axis": "y", "origin": [4, 1, 6]},
			"faces": {
				"down": {"uv": [11, 0, 15, 2], "rotation": 270, "texture": "#2"}
			}
		},
		{
			"from": [8, 0.5, 1],
			"to": [14, 1.5, 3],
			"rotation": {"angle": -22.5, "axis": "y", "origin": [6, 1, 4]},
			"faces": {
				"north": {"uv": [8.5, 6.5, 9, 7], "texture": "#2"},
				"east": {"uv": [8.5, 6.5, 9, 7], "texture": "#2"},
				"south": {"uv": [8.5, 6.5, 9, 7], "texture": "#2"},
				"west": {"uv": [8.5, 6.5, 9, 7], "texture": "#2"}
			}
		},
		{
			"from": [6, 0.5, 2],
			"to": [10, 1.5, 4],
			"rotation": {"angle": -22.5, "axis": "y", "origin": [6, 1, 4]},
			"faces": {
				"north": {"uv": [7.5, 6.5, 8, 7], "texture": "#2"},
				"east": {"uv": [8.5, 6.5, 9, 7], "texture": "#2"},
				"south": {"uv": [7.5, 6.5, 8, 7], "texture": "#2"},
				"west": {"uv": [8.5, 6.5, 9, 7], "texture": "#2"}
			}
		},
		{
			"from": [12, 0.5, 0],
			"to": [13, 1.5, 2],
			"rotation": {"angle": -22.5, "axis": "y", "origin": [6, 1, 4]},
			"faces": {
				"north": {"uv": [5.5, 6.5, 6, 7], "texture": "#2"},
				"east": {"uv": [7.5, 6.5, 8, 7], "texture": "#2"},
				"south": {"uv": [5.5, 6.5, 6, 7], "texture": "#2"},
				"west": {"uv": [7.5, 6.5, 8, 7], "texture": "#2"}
			}
		},
		{
			"from": [6, 1.5, 0],
			"to": [14, 1.5, 4],
			"rotation": {"angle": -22.5, "axis": "y", "origin": [6, 1, 4]},
			"faces": {
				"north": {"uv": [0, 0, 8, 0], "texture": "#missing"},
				"east": {"uv": [0, 0, 8, 0], "texture": "#missing"},
				"south": {"uv": [0, 0, 8, 0], "texture": "#missing"},
				"west": {"uv": [0, 0, 8, 0], "texture": "#missing"},
				"up": {"uv": [11, 0, 15, 2], "texture": "#2"}
			}
		},
		{
			"from": [6, 0.5, 0],
			"to": [14, 0.5, 4],
			"rotation": {"angle": -22.5, "axis": "y", "origin": [6, 1, 4]},
			"faces": {
				"down": {"uv": [8, 3, 10, 7], "rotation": 270, "texture": "#2"}
			}
		},
		{
			"from": [3, 0.5, 5],
			"to": [5, 1.5, 5],
			"faces": {
				"north": {"uv": [0.5, 8.5, 1.5, 9], "texture": "#2"},
				"east": {"uv": [7.5, 6.5, 8, 7], "texture": "#2"},
				"south": {"uv": [0.5, 8.5, 1.5, 9], "rotation": 180, "texture": "#2"},
				"west": {"uv": [7.5, 6.5, 8, 7], "texture": "#2"},
				"up": {"uv": [0, 0, 0, 0], "texture": "#2"},
				"down": {"uv": [0, 0, 0, 0], "texture": "#2"}
			}
		},
		{
			"from": [3, 0.5, 3],
			"to": [5, 1.5, 3],
			"faces": {
				"north": {"uv": [0.5, 10, 1.5, 10.5], "texture": "#2"},
				"east": {"uv": [7.5, 6.5, 8, 7], "texture": "#2"},
				"south": {"uv": [0.5, 10, 1.5, 10.5], "rotation": 180, "texture": "#2"},
				"west": {"uv": [7.5, 6.5, 8, 7], "texture": "#2"},
				"up": {"uv": [0, 0, 0, 0], "texture": "#2"},
				"down": {"uv": [0, 0, 0, 0], "texture": "#2"}
			}
		},
		{
			"from": [5, 0.5, 3],
			"to": [5, 1.5, 5],
			"faces": {
				"north": {"uv": [0.5, 8.5, 1.5, 9], "texture": "#2"},
				"east": {"uv": [0.5, 8.5, 1.5, 9], "texture": "#2"},
				"south": {"uv": [0.5, 8.5, 1.5, 9], "rotation": 180, "texture": "#2"},
				"west": {"uv": [0.5, 8.5, 1.5, 9], "rotation": 180, "texture": "#2"},
				"up": {"uv": [0, 0, 0, 0], "texture": "#2"},
				"down": {"uv": [0, 0, 0, 0], "texture": "#2"}
			}
		},
		{
			"from": [3, 0.5, 3],
			"to": [3, 1.5, 5],
			"faces": {
				"north": {"uv": [0.5, 8.5, 1.5, 9], "texture": "#2"},
				"east": {"uv": [0.5, 10, 1.5, 10.5], "texture": "#2"},
				"south": {"uv": [0.5, 8.5, 1.5, 9], "rotation": 180, "texture": "#2"},
				"west": {"uv": [0.5, 10, 1.5, 10.5], "rotation": 180, "texture": "#2"},
				"up": {"uv": [0, 0, 0, 0], "texture": "#2"},
				"down": {"uv": [0, 0, 0, 0], "texture": "#2"}
			}
		},
		{
			"from": [4, 0.5, 4],
			"to": [6, 1.5, 6],
			"rotation": {"angle": 0, "axis": "y", "origin": [0, 0, 16]},
			"faces": {
				"north": {"uv": [7.5, 6.5, 8, 7], "texture": "#2"},
				"east": {"uv": [8.5, 6.5, 9, 7], "texture": "#2"},
				"south": {"uv": [7.5, 6.5, 8, 7], "texture": "#2"},
				"west": {"uv": [8.5, 6.5, 9, 7], "texture": "#2"}
			}
		},
		{
			"from": [4, 1.5, 4],
			"to": [6, 1.5, 6],
			"faces": {
				"north": {"uv": [0, 0, 8, 0], "texture": "#missing"},
				"east": {"uv": [0, 0, 8, 0], "texture": "#missing"},
				"south": {"uv": [0, 0, 8, 0], "texture": "#missing"},
				"west": {"uv": [0, 0, 8, 0], "texture": "#missing"},
				"up": {"uv": [10, 2, 11, 3], "texture": "#2"}
			}
		},
		{
			"from": [5.4, 0.8, 13],
			"to": [13, 1.3, 13],
			"rotation": {"angle": 0, "axis": "y", "origin": [9, 1.05, 12.8]},
			"faces": {
				"north": {"uv": [8, 7.5, 12, 8], "texture": "#2"},
				"east": {"uv": [8, 7.5, 16, 8], "texture": "#2"},
				"south": {"uv": [8, 7.5, 12, 8], "texture": "#2"},
				"west": {"uv": [8, 7.5, 8, 8], "texture": "#2"},
				"up": {"uv": [8, 7.5, 12, 7.5], "texture": "#2"},
				"down": {"uv": [8, 7.5, 16, 8], "texture": "#2"}
			}
		},
		{
			"from": [13, 0.8, 5.4],
			"to": [13, 1.3, 13],
			"rotation": {"angle": 0, "axis": "y", "origin": [12.8, 1.05, 9]},
			"faces": {
				"north": {"uv": [8, 7.5, 16, 8], "texture": "#2"},
				"east": {"uv": [12, 7.5, 16, 8], "texture": "#2"},
				"south": {"uv": [8, 7.5, 8, 8], "texture": "#2"},
				"west": {"uv": [12, 7.5, 16, 8], "texture": "#2"},
				"up": {"uv": [8, 7.5, 12, 7.5], "rotation": 270, "texture": "#2"},
				"down": {"uv": [8, 7.5, 16, 8], "rotation": 90, "texture": "#2"}
			}
		}
	],
	"gui_light": "front",
	"groups": [
		{
			"name": "group",
			"origin": [0, 0, 0],
			"color": 0,
			"children": [0, 1, 2]
		},
		{
			"name": "crossbow_pulling_2",
			"origin": [8, 8, 8],
			"color": 0,
			"children": [
				{
					"name": "crossbow",
					"origin": [8, 8, 8],
					"color": 0,
					"children": [
						{
							"name": "group",
							"origin": [8, 0, 8],
							"color": 0,
							"children": [3, 4, 5, 6, 7, 8, 9, 10, 11, 12, 13, 14, 15, 16, 17, 18, 19, 20, 21]
						},
						{
							"name": "group",
							"origin": [8, 8, 8],
							"color": 0,
							"children": [
								{
									"name": "group",
									"origin": [0, 0, 0],
									"color": 0,
									"children": [22, 23, 24, 25, 26]
								},
								{
									"name": "group",
									"origin": [0, 0, 0],
									"color": 0,
									"children": [27, 28, 29, 30, 31]
								},
								32,
								33,
								34,
								35,
								36,
								37,
								38,
								39
							]
						}
					]
				}
			]
		}
	]
}