{
	"credit": "Made by Sawors",
	"textures": {
		"0": "block/crafting_table_top",
		"2": "block/spruce_log_top",
		"3": "block/stripped_spruce_log",
		"5": "block/barrel_bottom",
		"6": "block/barrel_side",
		"particle": "block/crafting_table_top"
	},
	"elements": [
		{
			"from": [2, 8, 2],
			"to": [14, 9, 14],
			"faces": {
				"north": {"uv": [2, 0, 14, 1], "texture": "#2"},
				"east": {"uv": [2, 0, 14, 1], "texture": "#2"},
				"south": {"uv": [2, 0, 14, 1], "texture": "#2"},
				"west": {"uv": [0, 0, 9, 1], "texture": "#3"},
				"up": {"uv": [2, 2, 14, 14], "texture": "#0"},
				"down": {"uv": [2, 2, 14, 14], "rotation": 90, "texture": "#5"}
			}
		},
		{
			"from": [13, 8.5, 4],
			"to": [15, 9.5, 12],
			"faces": {
				"north": {"uv": [11, 4, 13, 5], "rotation": 180, "texture": "#6"},
				"east": {"uv": [5, 4, 6, 12], "rotation": 90, "texture": "#6"},
				"south": {"uv": [10, 3, 12, 4], "texture": "#6"},
				"west": {"uv": [8, 4, 9, 12], "rotation": 90, "texture": "#6"},
				"up": {"uv": [6, 4, 8, 12], "texture": "#6"},
				"down": {"uv": [5, 4, 7, 12], "texture": "#6"}
			}
		},
		{
			"from": [1, 8.5, 4],
			"to": [3, 9.5, 12],
			"faces": {
				"north": {"uv": [11, 4, 13, 5], "rotation": 180, "texture": "#6"},
				"east": {"uv": [5, 4, 6, 12], "rotation": 90, "texture": "#6"},
				"south": {"uv": [10, 3, 12, 4], "texture": "#6"},
				"west": {"uv": [8, 4, 9, 12], "rotation": 90, "texture": "#6"},
				"up": {"uv": [6, 4, 8, 12], "texture": "#6"},
				"down": {"uv": [5, 4, 7, 12], "texture": "#6"}
			}
		}
	],
	"display": {
		"thirdperson_righthand": {
			"rotation": [90, 0, -60],
			"translation": [-11.25, -2.25, -2.75],
			"scale": [0.5, 0.5, 0.5]
		},
		"thirdperson_lefthand": {
			"rotation": [90, 0, -60],
			"translation": [-11.25, -2.25, -2.75],
			"scale": [0.5, 0.5, 0.5]
		},
		"firstperson_righthand": {
			"rotation": [47, 0, 38],
			"translation": [-3.75, 4.25, 4],
			"scale": [0.5, 0.5, 0.5]
		},
		"firstperson_lefthand": {
			"rotation": [47, 0, 38],
			"translation": [-3.75, 4.25, 4],
			"scale": [0.5, 0.5, 0.5]
		},
		"ground": {
			"rotation": [32.5, 0, 0],
			"scale": [0.75, 0.75, 0.75]
		},
		"gui": {
			"rotation": [56, -22.5, 11],
			"translation": [0.25, 0, 0],
			"scale": [0.85, 0.85, 0.85]
		},
		"head": {
			"rotation": [-90, 0, 0],
			"translation": [0, -0.5, -5.5]
		},
		"fixed": {
			"rotation": [-90, 0, 0],
			"scale": [1.25, 1.25, 1.25]
		}
	}
}