{
  "credit": "Made_by_Sawors",
  "parent": "block/redstone_torch",
  "gui_light": "front",
  "display": {
    "thirdperson_righthand": {
      "translation": [
        0,
        1.25,
        0
      ]
    },
    "thirdperson_lefthand": {
      "translation": [
        0,
        1.25,
        0
      ]
    },
    "firstperson_righthand": {
      "rotation": [
        -12,
        0,
        0
      ],
      "translation": [
        0,
        4,
        0
      ]
    },
    "firstperson_lefthand": {
      "rotation": [
        -12,
        0,
        0
      ],
      "translation": [
        0,
        4,
        0
      ]
    },
    "ground": {
      "translation": [
        0,
        4.5,
        0
      ]
    },
    "gui": {
      "rotation": [
        23,
        45,
        0
      ],
      "translation": [
        0,
        2.25,
        0
      ]
    },
    "head": {
      "rotation": [
        -56,
        0,
        0
      ],
      "translation": [
        0,
        5.5,
        -8.5
      ]
    },
    "fixed": {
      "rotation": [
        -22.5,
        0,
        0
      ],
      "translation": [
        0,
        3,
        -3
      ],
      "scale": [
        1.5,
        1.5,
        1.5
      ]
    }
  },
  "groups": [
    0,
    {
      "name": "group",
      "origin": [
        8,
        10,
        9
      ],
      "children": [
        1,
        2,
        3,
        4,
        5,
        6
      ]
    }
  ]
}
